{
    "class_name": "ViewTrajectory",
    "interval": 29,
    "is_loop": false,
    "trajectory": [
        {
            "boundingbox_max": [
                2.2995901107788086,
                0.87777113914489746,
                5.5272831916809082
            ],
            "boundingbox_min": [
                -2.0083496570587158,
                -1.9287868738174438,
                1.017507791519165
            ],
            "field_of_view": 60.0,
            "front": [
                0.0011849445125672758,
                -0.028461291632005586,
                -0.99959419305293096
            ],
            "lookat": [
                0.14562022686004639,
                -0.52550786733627319,
                3.2723954916000366
            ],
            "up": [
                0.058759021530591357,
                -0.99786580671807079,
                0.028481734000257906
            ],
            "zoom": 0.69999999999999996
        }
    ],
    "version_major": 1,
    "version_minor": 0
}