{
    "class_name": "ViewTrajectory",
    "interval": 29,
    "is_loop": false,
    "trajectory": [
        {
            "boundingbox_max": [
                2.2995901107788086,
                0.87777113914489746,
                5.5272831916809082
            ],
            "boundingbox_min": [
                -2.0083496570587158,
                -1.9287868738174438,
                1.017507791519165
            ],
            "field_of_view": 60.0,
            "front": [
                -0.18388493777392037,
                -0.13213600567813844,
                -0.97402587525348039
            ],
            "lookat": [
                0.2605463913757266,
                -0.12251828968892406,
                3.1994697575822997
            ],
            "up": [
                0.12543525281891835,
                -0.98597625356325325,
                0.1100764496140092
            ],
            "zoom": 0.45999999999999974
        }
    ],
    "version_major": 1,
    "version_minor": 0
}